id,name,duration,artist_id,artist_name,artist_idstr,album_name,album_id,license_ccurl,position,releasedate,album_image,audio,audiodownload,prourl,shorturl,shareurl,audiodownload_allowed,content_id_free,image,musicinfo,tempo,energy,brightness,noisiness,tonality
168,J'm'e FPM,183,7,TriFace,triface,Premiers Jets,24,,1,2004-12-17,https://usercontent.jamendo.com?type=album&id=24&width=300&trackid=168,https://prod-1.storage.jamendo.com/?trackid=168&format=mp32&from=Jt8AxSaFD71OW%2Bc3F3TpiA%3D%3D%7Cu%2Faoyb%2F4RX1F%2BLFHJYSvBA%3D%3D,https://prod-1.storage.jamendo.com/download/track/168/mp32/,,https://jamen.do/t/168,https://www.jamendo.com/track/168,True,False,https://usercontent.jamendo.com?type=album&id=24&width=300&trackid=168,"{'vocalinstrumental': 'vocal', 'gender': 'male', 'speed': 'medium', 'tags': {'genres': ['rock', 'metal', 'hardcore'], 'instruments': [], 'vartags': []}}",99.38401442307692,0.08241263031959534,1923.3624144416713,0.07509402815402477,0.36885082721710205
169,Trio HxC,101,7,TriFace,triface,Premiers Jets,24,,2,2004-12-17,https://usercontent.jamendo.com?type=album&id=24&width=300&trackid=169,https://prod-1.storage.jamendo.com/?trackid=169&format=mp32&from=RPq7c%2B4a2orygRzGRXMaZg%3D%3D%7C%2BoMbp8CotOFpapT7jRdxVg%3D%3D,https://prod-1.storage.jamendo.com/download/track/169/mp32/,,https://jamen.do/t/169,https://www.jamendo.com/track/169,True,False,https://usercontent.jamendo.com?type=album&id=24&width=300&trackid=169,"{'vocalinstrumental': 'vocal', 'gender': 'male', 'speed': 'medium', 'tags': {'genres': ['metal', 'hardcore', 'alternativerock'], 'instruments': [], 'vartags': []}}",92.28515625,0.1285206526517868,2862.603875914911,0.16828507461784056,0.49550721049308777
170,Un Poil De Relifion,207,7,TriFace,triface,Premiers Jets,24,,3,2004-12-17,https://usercontent.jamendo.com?type=album&id=24&width=300&trackid=170,https://prod-1.storage.jamendo.com/?trackid=170&format=mp32&from=eDYd6HB%2F8I%2B8cyu3k%2B%2BymQ%3D%3D%7C123Q5IFtv6z2C%2B%2FWi2djnA%3D%3D,https://prod-1.storage.jamendo.com/download/track/170/mp32/,,https://jamen.do/t/170,https://www.jamendo.com/track/170,True,False,https://usercontent.jamendo.com?type=album&id=24&width=300&trackid=170,"{'vocalinstrumental': 'vocal', 'gender': 'male', 'speed': 'high', 'tags': {'genres': ['metal', 'hardcore', 'electronic'], 'instruments': [], 'vartags': []}}",135.99917763157896,0.22118914127349854,2741.0039442754673,0.140080029750387,0.46811220049858093
171,Apologies,145,7,TriFace,triface,Premiers Jets,24,,4,2004-12-17,https://usercontent.jamendo.com?type=album&id=24&width=300&trackid=171,https://prod-1.storage.jamendo.com/?trackid=171&format=mp32&from=p93Z%2FHzXGyAUOiyz730jnA%3D%3D%7ClIgtIQljbOgvJLc9f74DCw%3D%3D,https://prod-1.storage.jamendo.com/download/track/171/mp32/,,https://jamen.do/t/171,https://www.jamendo.com/track/171,True,False,https://usercontent.jamendo.com?type=album&id=24&width=300&trackid=171,"{'vocalinstrumental': 'vocal', 'gender': 'male', 'speed': 'high', 'tags': {'genres': ['rock', 'metal', 'hardcore'], 'instruments': [], 'vartags': []}}",151.99908088235293,0.13886362314224243,2589.5376442747865,0.14670924136513158,0.560195803642273
172,Je Vomis Comme Je Chante,177,7,TriFace,triface,Premiers Jets,24,,5,2004-12-17,https://usercontent.jamendo.com?type=album&id=24&width=300&trackid=172,https://prod-1.storage.jamendo.com/?trackid=172&format=mp32&from=BpiZSmmt8%2Ft%2BZiDiovdK8Q%3D%3D%7C2gFq6x4TYzhqzyS%2BNPuhKg%3D%3D,https://prod-1.storage.jamendo.com/download/track/172/mp32/,,https://jamen.do/t/172,https://www.jamendo.com/track/172,True,False,https://usercontent.jamendo.com?type=album&id=24&width=300&trackid=172,"{'vocalinstrumental': 'instrumental', 'speed': 'medium', 'tags': {'genres': ['rock', 'metal', 'hardcore'], 'instruments': [], 'vartags': []}}",123.046875,0.1296330988407135,2938.6204761320764,0.1644714166505418,0.5195924639701843
174,Mind Asylum,183,9,Skaut,skaut,Mind Asylum,25,,1,2004-12-18,https://usercontent.jamendo.com?type=album&id=25&width=300&trackid=174,https://prod-1.storage.jamendo.com/?trackid=174&format=mp32&from=EIwnnrOqgff5IgWdQVoQ2A%3D%3D%7CEN8J7noKdYQ%2Fi1BRW4V%2F%2FA%3D%3D,https://prod-1.storage.jamendo.com/download/track/174/mp32/,,https://jamen.do/t/174,https://www.jamendo.com/track/174,True,False,https://usercontent.jamendo.com?type=album&id=25&width=300&trackid=174,"{'vocalinstrumental': 'vocal', 'speed': 'high', 'tags': {'genres': ['rock', 'hardcore'], 'instruments': [], 'vartags': []}}",151.99908088235293,0.26093924045562744,2174.460237011569,0.08577536946110681,0.6223360300064087
175,You Don't Know,322,9,Skaut,skaut,Mind Asylum,25,,2,2004-12-18,https://usercontent.jamendo.com?type=album&id=25&width=300&trackid=175,https://prod-1.storage.jamendo.com/?trackid=175&format=mp32&from=eUAp7l43rWI0K3jbXJGf3Q%3D%3D%7Cqay1FddQc1YurASSvGe1MA%3D%3D,https://prod-1.storage.jamendo.com/download/track/175/mp32/,,https://jamen.do/t/175,https://www.jamendo.com/track/175,True,False,https://usercontent.jamendo.com?type=album&id=25&width=300&trackid=175,"{'vocalinstrumental': 'instrumental', 'speed': 'medium', 'tags': {'genres': [], 'instruments': [], 'vartags': []}}",123.046875,0.1926756501197815,2175.8853353606437,0.09162794178115326,0.49604669213294983
176,Overcome,292,9,Skaut,skaut,Mind Asylum,25,,3,2004-12-18,https://usercontent.jamendo.com?type=album&id=25&width=300&trackid=176,https://prod-1.storage.jamendo.com/?trackid=176&format=mp32&from=08CgJPN2ycC27buWsmFZOg%3D%3D%7COG%2FRB4Ii283j21r5YWcibw%3D%3D,https://prod-1.storage.jamendo.com/download/track/176/mp32/,,https://jamen.do/t/176,https://www.jamendo.com/track/176,True,False,https://usercontent.jamendo.com?type=album&id=25&width=300&trackid=176,"{'vocalinstrumental': 'instrumental', 'speed': 'high', 'tags': {'genres': [], 'instruments': [], 'vartags': []}}",135.99917763157896,0.28741562366485596,2131.2900586270584,0.064810643624226,0.5709799528121948
198,Trois Saucisses Dans Une Bulle,33,7,TriFace,triface,3 Saucisses Dans Une Bulle,28,,1,2004-12-21,https://usercontent.jamendo.com?type=album&id=28&width=300&trackid=198,https://prod-1.storage.jamendo.com/?trackid=198&format=mp32&from=K1W3oldfyCZiwgbgw9eneQ%3D%3D%7Ct0%2BS3L0cYeDwQv2Rz8aKIg%3D%3D,https://prod-1.storage.jamendo.com/download/track/198/mp32/,,https://jamen.do/t/198,https://www.jamendo.com/track/198,True,False,https://usercontent.jamendo.com?type=album&id=28&width=300&trackid=198,"{'vocalinstrumental': 'instrumental', 'lang': 'fr', 'speed': 'medium', 'tags': {'genres': [], 'instruments': [], 'vartags': ['neutral']}}",123.046875,0.18412183225154877,3549.5222849952584,0.15414041336106812,0.4072839319705963
199,New Bitch,171,7,TriFace,triface,3 Saucisses Dans Une Bulle,28,,2,2004-12-21,https://usercontent.jamendo.com?type=album&id=28&width=300&trackid=199,https://prod-1.storage.jamendo.com/?trackid=199&format=mp32&from=b%2FuEPwHWVhuQCM2ASQAcCw%3D%3D%7Chr8OqTZJXCtLyviccNBi6Q%3D%3D,https://prod-1.storage.jamendo.com/download/track/199/mp32/,,https://jamen.do/t/199,https://www.jamendo.com/track/199,True,False,https://usercontent.jamendo.com?type=album&id=28&width=300&trackid=199,"{'vocalinstrumental': 'vocal', 'gender': 'male', 'speed': 'veryhigh', 'tags': {'genres': [], 'instruments': [], 'vartags': []}}",99.38401442307692,0.18986570835113525,2296.946883914564,0.13649766290150928,0.44558101892471313
200,Papy HxC,173,7,TriFace,triface,3 Saucisses Dans Une Bulle,28,,3,2004-12-21,https://usercontent.jamendo.com?type=album&id=28&width=300&trackid=200,https://prod-1.storage.jamendo.com/?trackid=200&format=mp32&from=tPA%2BJQqtP29VLt9dGygBkQ%3D%3D%7CMjGEIQMEzxm0RsAn7f54oQ%3D%3D,https://prod-1.storage.jamendo.com/download/track/200/mp32/,,https://jamen.do/t/200,https://www.jamendo.com/track/200,True,False,https://usercontent.jamendo.com?type=album&id=28&width=300&trackid=200,"{'vocalinstrumental': 'vocal', 'gender': 'male', 'speed': 'veryhigh', 'tags': {'genres': [], 'instruments': [], 'vartags': []}}",92.28515625,0.22965551912784576,2398.8689970805535,0.12143123851102941,0.5368667244911194
201,I Love You Heroes,114,7,TriFace,triface,3 Saucisses Dans Une Bulle,28,,4,2004-12-21,https://usercontent.jamendo.com?type=album&id=28&width=300&trackid=201,https://prod-1.storage.jamendo.com/?trackid=201&format=mp32&from=TxpGOdTTWWCxXgPsMMzh3g%3D%3D%7CoEBGOUXg776VEDp9slaAAg%3D%3D,https://prod-1.storage.jamendo.com/download/track/201/mp32/,,https://jamen.do/t/201,https://www.jamendo.com/track/201,True,False,https://usercontent.jamendo.com?type=album&id=28&width=300&trackid=201,"{'vocalinstrumental': 'vocal', 'gender': 'male', 'speed': 'veryhigh', 'tags': {'genres': [], 'instruments': [], 'vartags': []}}",95.703125,0.18629492819309235,2512.7608974010072,0.1435119817869582,0.5277585387229919
202,Le démarrage de Mark,70,7,TriFace,triface,3 Saucisses Dans Une Bulle,28,,5,2004-12-21,https://usercontent.jamendo.com?type=album&id=28&width=300&trackid=202,https://prod-1.storage.jamendo.com/?trackid=202&format=mp32&from=VBx5q6Sd3Uq6fuGnlxxRIg%3D%3D%7CwMZUJMLe4yZiU3f%2BeN8tBQ%3D%3D,https://prod-1.storage.jamendo.com/download/track/202/mp32/,,https://jamen.do/t/202,https://www.jamendo.com/track/202,True,False,https://usercontent.jamendo.com?type=album&id=28&width=300&trackid=202,"{'vocalinstrumental': 'instrumental', 'speed': 'medium', 'tags': {'genres': [], 'instruments': [], 'vartags': []}}",107.666015625,0.021408595144748688,2501.9348366860886,0.11693693462171052,0.5753921866416931
203,Mark Dabord,258,7,TriFace,triface,3 Saucisses Dans Une Bulle,28,,6,2004-12-21,https://usercontent.jamendo.com?type=album&id=28&width=300&trackid=203,https://prod-1.storage.jamendo.com/?trackid=203&format=mp32&from=3lAigGjh5lAV5rysq8gwww%3D%3D%7C33Q348sdnhs6Uo5Ee0zfcw%3D%3D,https://prod-1.storage.jamendo.com/download/track/203/mp32/,,https://jamen.do/t/203,https://www.jamendo.com/track/203,True,False,https://usercontent.jamendo.com?type=album&id=28&width=300&trackid=203,"{'vocalinstrumental': 'vocal', 'gender': 'male', 'speed': 'high', 'tags': {'genres': [], 'instruments': [], 'vartags': []}}",151.99908088235293,0.24189579486846924,2635.5086007328277,0.14416466113583593,0.5311360955238342
204,LVOHC,200,7,TriFace,triface,3 Saucisses Dans Une Bulle,28,,7,2004-12-21,https://usercontent.jamendo.com?type=album&id=28&width=300&trackid=204,https://prod-1.storage.jamendo.com/?trackid=204&format=mp32&from=cRVkH8fH6SJlyvChXJ9h4A%3D%3D%7ChyrsBDorFnDCkP8dfgLdMA%3D%3D,https://prod-1.storage.jamendo.com/download/track/204/mp32/,,https://jamen.do/t/204,https://www.jamendo.com/track/204,True,False,https://usercontent.jamendo.com?type=album&id=28&width=300&trackid=204,"{'vocalinstrumental': 'vocal', 'gender': 'male', 'speed': 'medium', 'tags': {'genres': [], 'instruments': [], 'vartags': []}}",99.38401442307692,0.18812255561351776,2207.4624624270145,0.12054386670375387,0.4873282015323639
206,Un Poil De Relifion (Acous),145,7,TriFace,triface,3 Saucisses Dans Une Bulle,28,,8,2004-12-21,https://usercontent.jamendo.com?type=album&id=28&width=300&trackid=206,https://prod-1.storage.jamendo.com/?trackid=206&format=mp32&from=fDOY6cdox0VOMAz%2FBqhWtg%3D%3D%7CCfXJ6yY5nV1T7PTr1JPHmw%3D%3D,https://prod-1.storage.jamendo.com/download/track/206/mp32/,,https://jamen.do/t/206,https://www.jamendo.com/track/206,True,False,https://usercontent.jamendo.com?type=album&id=28&width=300&trackid=206,"{'vocalinstrumental': 'vocal', 'gender': 'male', 'speed': 'medium', 'tags': {'genres': [], 'instruments': [], 'vartags': []}}",99.38401442307692,0.20201030373573303,1775.6654510956607,0.059230178502321984,0.4373825192451477
214,Intro chiante,124,14,David TMX,david.tmx,Pouce !,31,,1,2004-12-28,https://usercontent.jamendo.com?type=album&id=31&width=300&trackid=214,https://prod-1.storage.jamendo.com/?trackid=214&format=mp32&from=%2Fe0Ks1aajvEdnvP%2BvviUPg%3D%3D%7CtJapLoMIXQnBICc7cTVBLw%3D%3D,https://prod-1.storage.jamendo.com/download/track/214/mp32/,,https://jamen.do/t/214,https://www.jamendo.com/track/214,True,False,https://usercontent.jamendo.com?type=album&id=31&width=300&trackid=214,"{'vocalinstrumental': 'instrumental', 'acousticelectric': 'electric', 'speed': 'medium', 'tags': {'genres': ['punk'], 'instruments': [], 'vartags': ['neutral']}}",117.45383522727273,0.07738809287548065,1041.1337958511479,0.045744621347716716,0.303169310092926
215,Aide toi...,151,14,David TMX,david.tmx,Pouce !,31,,2,2004-12-28,https://usercontent.jamendo.com?type=album&id=31&width=300&trackid=215,https://prod-1.storage.jamendo.com/?trackid=215&format=mp32&from=CNwbLrIS0P4Jh%2BgouMarxw%3D%3D%7CqLKmTp7erRA5ib8Lkl6VOw%3D%3D,https://prod-1.storage.jamendo.com/download/track/215/mp32/,,https://jamen.do/t/215,https://www.jamendo.com/track/215,True,False,https://usercontent.jamendo.com?type=album&id=31&width=300&trackid=215,"{'vocalinstrumental': 'vocal', 'lang': 'fr', 'gender': 'male', 'acousticelectric': 'electric', 'speed': 'veryhigh', 'tags': {'genres': ['metal'], 'instruments': ['electricguitar', 'electroamplified'], 'vartags': ['action', 'energetic']}}",198.76802884615384,0.21740783751010895,3172.2213081013133,0.20264578898993807,0.5929450392723083
216,Une charogne,234,14,David TMX,david.tmx,Pouce !,31,,3,2004-12-28,https://usercontent.jamendo.com?type=album&id=31&width=300&trackid=216,https://prod-1.storage.jamendo.com/?trackid=216&format=mp32&from=VWVyeYiXRr7Y2wM9KTUi8g%3D%3D%7CYP8h%2BkzQCipqEY2nL9SCAQ%3D%3D,https://prod-1.storage.jamendo.com/download/track/216/mp32/,,https://jamen.do/t/216,https://www.jamendo.com/track/216,True,False,https://usercontent.jamendo.com?type=album&id=31&width=300&trackid=216,"{'vocalinstrumental': 'vocal', 'gender': 'male', 'acousticelectric': 'electric', 'speed': 'high', 'tags': {'genres': ['metal'], 'instruments': [], 'vartags': []}}",135.99917763157896,0.14532889425754547,2572.8250266893747,0.14618543500870743,0.5162078142166138
217,Aimons nous...,127,14,David TMX,david.tmx,Pouce !,31,,4,2004-12-28,https://usercontent.jamendo.com?type=album&id=31&width=300&trackid=217,https://prod-1.storage.jamendo.com/?trackid=217&format=mp32&from=UT7jEafCyDXBoaaXAeNAIg%3D%3D%7Cr2gDgrUq8sYR5smplySbmg%3D%3D,https://prod-1.storage.jamendo.com/download/track/217/mp32/,,https://jamen.do/t/217,https://www.jamendo.com/track/217,True,False,https://usercontent.jamendo.com?type=album&id=31&width=300&trackid=217,"{'vocalinstrumental': 'vocal', 'gender': 'male', 'acousticelectric': 'electric', 'speed': 'veryhigh', 'tags': {'genres': ['metal'], 'instruments': [], 'vartags': []}}",99.38401442307692,0.2180798351764679,2532.284844153508,0.13900482839106038,0.5194653272628784
218,Jouvencelle,180,14,David TMX,david.tmx,Pouce !,31,,5,2004-12-28,https://usercontent.jamendo.com?type=album&id=31&width=300&trackid=218,https://prod-1.storage.jamendo.com/?trackid=218&format=mp32&from=pcwLnWXh%2BzjjLRs%2B8myoAA%3D%3D%7Cf9gBi%2FuKP%2FH9XP%2BvLpWdJw%3D%3D,https://prod-1.storage.jamendo.com/download/track/218/mp32/,,https://jamen.do/t/218,https://www.jamendo.com/track/218,True,False,https://usercontent.jamendo.com?type=album&id=31&width=300&trackid=218,"{'vocalinstrumental': 'vocal', 'lang': 'fr', 'gender': 'male', 'acousticelectric': 'electric', 'speed': 'medium', 'tags': {'genres': ['punk'], 'instruments': [], 'vartags': ['neutral']}}",92.28515625,0.16962042450904846,2199.794203258551,0.09645368735487617,0.3616843819618225
219,L'homme pouce,199,14,David TMX,david.tmx,Pouce !,31,,6,2004-12-28,https://usercontent.jamendo.com?type=album&id=31&width=300&trackid=219,https://prod-1.storage.jamendo.com/?trackid=219&format=mp32&from=ZHzZXXVSpP064Rq7w3vu6g%3D%3D%7CiE4F1VM3rVwjLJszUaPpyQ%3D%3D,https://prod-1.storage.jamendo.com/download/track/219/mp32/,,https://jamen.do/t/219,https://www.jamendo.com/track/219,True,False,https://usercontent.jamendo.com?type=album&id=31&width=300&trackid=219,"{'vocalinstrumental': 'vocal', 'gender': 'male', 'acousticelectric': 'electric', 'speed': 'medium', 'tags': {'genres': ['metal'], 'instruments': [], 'vartags': []}}",95.703125,0.24782896041870117,2741.4653138449858,0.13542208361551858,0.48550254106521606
220,Y'a un truc,174,14,David TMX,david.tmx,Pouce !,31,,7,2004-12-28,https://usercontent.jamendo.com?type=album&id=31&width=300&trackid=220,https://prod-1.storage.jamendo.com/?trackid=220&format=mp32&from=OLaEOD2ZgR92Hym7lqWIIw%3D%3D%7CNKTW3%2Bv3lpAoeuw4pprQrQ%3D%3D,https://prod-1.storage.jamendo.com/download/track/220/mp32/,,https://jamen.do/t/220,https://www.jamendo.com/track/220,True,False,https://usercontent.jamendo.com?type=album&id=31&width=300&trackid=220,"{'vocalinstrumental': 'vocal', 'lang': 'fr', 'gender': 'male', 'acousticelectric': 'electric', 'speed': 'medium', 'tags': {'genres': ['punk'], 'instruments': [], 'vartags': ['neutral']}}",129.19921875,0.14017800986766815,2769.995535805225,0.18723242792182662,0.5568021535873413
221,LVO Hardcore,224,14,David TMX,david.tmx,Pouce !,31,,8,2004-12-28,https://usercontent.jamendo.com?type=album&id=31&width=300&trackid=221,https://prod-1.storage.jamendo.com/?trackid=221&format=mp32&from=MR5AbQj2FbLWx3vZbo9%2Bsg%3D%3D%7C4fkAsVnOe7oBJldOKptuLQ%3D%3D,https://prod-1.storage.jamendo.com/download/track/221/mp32/,,https://jamen.do/t/221,https://www.jamendo.com/track/221,True,False,https://usercontent.jamendo.com?type=album&id=31&width=300&trackid=221,"{'vocalinstrumental': 'vocal', 'gender': 'male', 'acousticelectric': 'electric', 'speed': 'medium', 'tags': {'genres': ['punk'], 'instruments': [], 'vartags': []}}",129.19921875,0.11991627514362335,2431.779549566094,0.0923448686629257,0.5168231129646301
222,Que du naturel,161,14,David TMX,david.tmx,Pouce !,31,,9,2004-12-28,https://usercontent.jamendo.com?type=album&id=31&width=300&trackid=222,https://prod-1.storage.jamendo.com/?trackid=222&format=mp32&from=xV9w0trrlZbEq2OjgdPheQ%3D%3D%7CQVGud8n1wpUr2%2FVpJhIHMg%3D%3D,https://prod-1.storage.jamendo.com/download/track/222/mp32/,,https://jamen.do/t/222,https://www.jamendo.com/track/222,True,False,https://usercontent.jamendo.com?type=album&id=31&width=300&trackid=222,"{'vocalinstrumental': 'vocal', 'gender': 'male', 'acousticelectric': 'electric', 'speed': 'medium', 'tags': {'genres': ['punk', 'hardcorepunk'], 'instruments': [], 'vartags': []}}",103.359375,0.17716647684574127,2664.8814274580454,0.16371518539570434,0.5980806350708008
223,Voici le gala,217,14,David TMX,david.tmx,Pouce !,31,,10,2004-12-28,https://usercontent.jamendo.com?type=album&id=31&width=300&trackid=223,https://prod-1.storage.jamendo.com/?trackid=223&format=mp32&from=QF8wvaM%2Fa3O8C8LByVqIHQ%3D%3D%7Cjfj1HXY2Ge0AZcDzmbImwA%3D%3D,https://prod-1.storage.jamendo.com/download/track/223/mp32/,,https://jamen.do/t/223,https://www.jamendo.com/track/223,True,False,https://usercontent.jamendo.com?type=album&id=31&width=300&trackid=223,"{'vocalinstrumental': 'vocal', 'lang': 'fr', 'gender': 'male', 'acousticelectric': 'electric', 'speed': 'high', 'tags': {'genres': ['metal'], 'instruments': [], 'vartags': ['neutral']}}",143.5546875,0.2653099298477173,2697.0922008086277,0.15310527222813466,0.500777006149292
224,Croquemitaine,109,14,David TMX,david.tmx,Pouce !,31,,11,2004-12-28,https://usercontent.jamendo.com?type=album&id=31&width=300&trackid=224,https://prod-1.storage.jamendo.com/?trackid=224&format=mp32&from=foWGbomcdh6%2BSt%2B8fLmlwg%3D%3D%7CuAIeNLBTriatfGAai%2FaEmA%3D%3D,https://prod-1.storage.jamendo.com/download/track/224/mp32/,,https://jamen.do/t/224,https://www.jamendo.com/track/224,True,False,https://usercontent.jamendo.com?type=album&id=31&width=300&trackid=224,"{'vocalinstrumental': 'vocal', 'gender': 'male', 'acousticelectric': 'electric', 'speed': 'veryhigh', 'tags': {'genres': ['rock', 'punk'], 'instruments': [], 'vartags': ['neutral']}}",99.38401442307692,0.225770503282547,2831.3554638087767,0.15555272530476005,0.5289114117622375
225,Histoire de grouin,205,14,David TMX,david.tmx,Pouce !,31,,12,2004-12-28,https://usercontent.jamendo.com?type=album&id=31&width=300&trackid=225,https://prod-1.storage.jamendo.com/?trackid=225&format=mp32&from=JF%2BCpdvPrCu%2BEr2XiL4UYQ%3D%3D%7CLWREqFQZwL9k%2FxbbISOdeA%3D%3D,https://prod-1.storage.jamendo.com/download/track/225/mp32/,,https://jamen.do/t/225,https://www.jamendo.com/track/225,True,False,https://usercontent.jamendo.com?type=album&id=31&width=300&trackid=225,"{'vocalinstrumental': 'vocal', 'gender': 'male', 'acousticelectric': 'electric', 'speed': 'medium', 'tags': {'genres': ['punk'], 'instruments': [], 'vartags': ['neutral']}}",117.45383522727273,0.19691963493824005,2542.373597110277,0.13841488486842105,0.5372743606567383
226,JLP vs momomatic,222,14,David TMX,david.tmx,Pouce !,31,,13,2004-12-28,https://usercontent.jamendo.com?type=album&id=31&width=300&trackid=226,https://prod-1.storage.jamendo.com/?trackid=226&format=mp32&from=2c3nb5fv9XUdMgImif7Txw%3D%3D%7CnphrZvdI7ZWgdT7WHSIInQ%3D%3D,https://prod-1.storage.jamendo.com/download/track/226/mp32/,,https://jamen.do/t/226,https://www.jamendo.com/track/226,True,False,https://usercontent.jamendo.com?type=album&id=31&width=300&trackid=226,"{'vocalinstrumental': 'vocal', 'lang': 'fr', 'gender': 'male', 'acousticelectric': 'electric', 'speed': 'medium', 'tags': {'genres': ['metal'], 'instruments': [], 'vartags': ['neutral']}}",135.99917763157896,0.2617684602737427,2958.4366382529824,0.16662824412248453,0.6212825775146484
227,Légionnaire zoophile,245,14,David TMX,david.tmx,Pouce !,31,,14,2004-12-28,https://usercontent.jamendo.com?type=album&id=31&width=300&trackid=227,https://prod-1.storage.jamendo.com/?trackid=227&format=mp32&from=V7RZvl2Kix6nopxmXOfiYQ%3D%3D%7C0Eedg2TVu853Vcw75gNHrA%3D%3D,https://prod-1.storage.jamendo.com/download/track/227/mp32/,,https://jamen.do/t/227,https://www.jamendo.com/track/227,True,False,https://usercontent.jamendo.com?type=album&id=31&width=300&trackid=227,"{'vocalinstrumental': 'vocal', 'gender': 'male', 'acousticelectric': 'electric', 'speed': 'high', 'tags': {'genres': ['metal'], 'instruments': [], 'vartags': ['neutral']}}",135.99917763157896,0.20781537890434265,1880.6820494987496,0.09828209655572756,0.49013206362724304
228,La frontière,190,14,David TMX,david.tmx,Pouce !,31,,15,2004-12-28,https://usercontent.jamendo.com?type=album&id=31&width=300&trackid=228,https://prod-1.storage.jamendo.com/?trackid=228&format=mp32&from=65vxQEzaGJPlSgNVk7OMOQ%3D%3D%7Cd%2BKFrOH3K0ZHytrZAeSwTQ%3D%3D,https://prod-1.storage.jamendo.com/download/track/228/mp32/,,https://jamen.do/t/228,https://www.jamendo.com/track/228,True,False,https://usercontent.jamendo.com?type=album&id=31&width=300&trackid=228,"{'vocalinstrumental': 'vocal', 'lang': 'fr', 'gender': 'male', 'acousticelectric': 'electric', 'speed': 'high', 'tags': {'genres': ['rock'], 'instruments': [], 'vartags': ['neutral']}}",143.5546875,0.1705249547958374,2503.9767435633157,0.12638321159055727,0.40438762307167053
229,Headbanger,180,14,David TMX,david.tmx,Pouce !,31,,16,2004-12-28,https://usercontent.jamendo.com?type=album&id=31&width=300&trackid=229,https://prod-1.storage.jamendo.com/?trackid=229&format=mp32&from=Ep942HEVY6I%2F4M%2BRHy0PxQ%3D%3D%7CIhOuiwBCL%2FA1f9uKpFRM6w%3D%3D,https://prod-1.storage.jamendo.com/download/track/229/mp32/,,https://jamen.do/t/229,https://www.jamendo.com/track/229,True,False,https://usercontent.jamendo.com?type=album&id=31&width=300&trackid=229,"{'vocalinstrumental': 'vocal', 'gender': 'male', 'acousticelectric': 'electric', 'speed': 'medium', 'tags': {'genres': ['metal'], 'instruments': [], 'vartags': ['neutral']}}",103.359375,0.20240996778011322,2153.665760368736,0.13361143696787925,0.4195314347743988
230,Noxious,124,14,David TMX,david.tmx,Pouce !,31,,17,2004-12-28,https://usercontent.jamendo.com?type=album&id=31&width=300&trackid=230,https://prod-1.storage.jamendo.com/?trackid=230&format=mp32&from=vdS8vvoK9JJVpf4jlnPirA%3D%3D%7CaNJ%2F0kVRQf%2Fi8oJPkT3vaw%3D%3D,https://prod-1.storage.jamendo.com/download/track/230/mp32/,,https://jamen.do/t/230,https://www.jamendo.com/track/230,True,False,https://usercontent.jamendo.com?type=album&id=31&width=300&trackid=230,"{'vocalinstrumental': 'vocal', 'gender': 'male', 'acousticelectric': 'electric', 'speed': 'high', 'tags': {'genres': ['metal'], 'instruments': [], 'vartags': ['neutral']}}",135.99917763157896,0.16645289957523346,2533.8164112514246,0.1307573348006966,0.5229036211967468
231,Ralalalatouf,276,14,David TMX,david.tmx,Pouce !,31,,18,2004-12-28,https://usercontent.jamendo.com?type=album&id=31&width=300&trackid=231,https://prod-1.storage.jamendo.com/?trackid=231&format=mp32&from=JShkeEIVw2i4jW0djQTPCw%3D%3D%7Cpv4HvesvVoWfyhBpSXgiDA%3D%3D,https://prod-1.storage.jamendo.com/download/track/231/mp32/,,https://jamen.do/t/231,https://www.jamendo.com/track/231,True,False,https://usercontent.jamendo.com?type=album&id=31&width=300&trackid=231,"{'vocalinstrumental': 'vocal', 'gender': 'male', 'acousticelectric': 'electric', 'speed': 'medium', 'tags': {'genres': ['metal'], 'instruments': [], 'vartags': ['neutral']}}",151.99908088235293,0.08093427121639252,3047.741126850271,0.15272432215073528,0.2863413691520691
232,EHMA - Pizzicato,212,15,Various Artists,va,CD KDO-PYLEFT,32,,1,2004-12-28,https://usercontent.jamendo.com?type=album&id=32&width=300&trackid=232,https://prod-1.storage.jamendo.com/?trackid=232&format=mp32&from=D7B2zTm2qZaN7ubqnjnEIA%3D%3D%7CLxTj08jG8KRYs6l8Qvlnog%3D%3D,https://prod-1.storage.jamendo.com/download/track/232/mp32/,,https://jamen.do/t/232,https://www.jamendo.com/track/232,True,False,https://usercontent.jamendo.com?type=album&id=32&width=300&trackid=232,"{'tags': {'genres': [], 'instruments': [], 'vartags': []}}",123.046875,0.15975257754325867,855.2428349398492,0.033240161813080496,0.3259490728378296
